latitude,longitude,mag,latlon
28.5199,104.7971,4.6,"104.7971,28.5199"
29.9325,105.0694,4.6,"105.0694,29.9325"
28.5145,104.9461,4.9,"104.9461,28.5145"
28.4545,104.8963,5.3,"104.8963,28.4545"
28.3971,104.9821,5.2,"104.9821,28.3971"
28.4674,104.9396,4.9,"104.9396,28.4674"
28.454,104.9589,4.9,"104.9589,28.454"
28.5018,104.9407,4.7,"104.9407,28.5018"
28.441,104.8783,5.2,"104.8783,28.441"
28.4051,104.9572,5.8,"104.9572,28.4051"
28.1566,103.6521,4.8,"103.6521,28.1566"
30.4709,103.1619,4.7,"103.1619,30.4709"
28.308000000000003,103.4269,4.5,"103.4269,28.308000000000003"
32.2365,101.8926,4.5,"101.8926,32.2365"
35.0337,101.8413,4.9,"101.8413,35.0337"
29.4699,104.6093,4.9,"104.6093,29.4699"
29.4709,104.5609,4.6,"104.5609,29.4709"
29.497,104.5382,4.9,"104.5382,29.497"
28.1278,104.9626,4.5,"104.9626,28.1278"
26.7955,99.4683,4.5,"99.4683,26.7955"
28.1902,104.9182,4.8,"104.9182,28.1902"
26.4496,96.6002,4.7,"96.6002,26.4496"
28.2948,105.0128,5.3,"105.0128,28.2948"
29.6624,98.825,4.7,"98.825,29.6624"
29.7432,98.7762,5.1,"98.7762,29.7432"
27.1986,96.9185,5.4,"96.9185,27.1986"
27.7933,102.2196,5.1,"102.2196,27.7933"
28.15,103.5462,4.5,"103.5462,28.15"
26.1495,102.2525,4.5,"102.2525,26.1495"
29.365,104.4998,4.5,"104.4998,29.365"
32.7234,105.6616,5.0,"105.6616,32.7234"
27.5438,104.0108,4.7,"104.0108,27.5438"
27.526999999999997,103.9975,4.8,"103.9975,27.526999999999997"
27.276,104.0029,4.5,"104.0029,27.276"
29.5219,104.5491,4.7,"104.5491,29.5219"
30.3108,97.0786,4.5,"97.0786,30.3108"
32.2028,104.6042,4.8,"104.6042,32.2028"
27.1823,96.9851,4.9,"96.9851,27.1823"
29.4033,102.3732,4.6,"102.3732,29.4033"
28.2104,103.5613,4.7,"103.5613,28.2104"
34.5599,96.5154,5.0,"96.5154,34.5599"
34.5942,96.5238,4.7,"96.5238,34.5942"
26.4448,96.9676,4.9,"96.9676,26.4448"
32.3391,105.19200000000001,4.8,"105.19200000000001,32.3391"
30.408,96.9096,4.5,"96.9096,30.408"
35.0011,101.7982,4.7,"101.7982,35.0011"
35.149,101.8832,5.0,"101.8832,35.149"
29.3489,108.0576,5.1,"108.0576,29.3489"
32.0922,104.5939,4.7,"104.5939,32.0922"
31.5074,104.1405,4.7,"104.1405,31.5074"
33.1937,103.7094,4.8,"103.7094,33.1937"
34.9094,103.2877,5.0,"103.2877,34.9094"
32.2813,105.0428,5.1,"105.0428,32.2813"
27.9136,101.6912,4.7,"101.6912,27.9136"
33.3453,103.8816,4.6,"103.8816,33.3453"
33.2437,103.807,4.8,"103.807,33.2437"
33.2638,103.7895,4.8,"103.7895,33.2638"
33.048,103.7529,4.7,"103.7529,33.048"
33.1926,103.8552,6.5,"103.8552,33.1926"
32.3516,105.5261,4.9,"105.5261,32.3516"
28.0901,104.9566,4.6,"104.9566,28.0901"
30.3205,96.8954,4.5,"96.8954,30.3205"
33.0191,99.0333,4.5,"99.0333,33.0191"
28.1573,104.9116,4.9,"104.9116,28.1573"
31.4786,104.1057,4.8,"104.1057,31.4786"
32.4156,104.7126,4.5,"104.7126,32.4156"
25.9382,99.8406,5.0,"99.8406,25.9382"
25.8832,99.8842,4.6,"99.8842,25.8832"
27.204,103.5744,4.8,"103.5744,27.204"
31.0068,103.652,4.5,"103.652,31.0068"
27.303,103.4248,4.9,"103.4248,27.303"
28.1777,104.7993,4.6,"104.7993,28.1777"
28.1832,104.8275,5.3,"104.8275,28.1832"
28.1707,104.8738,4.9,"104.8738,28.1707"
28.0958,104.765,4.5,"104.765,28.0958"
29.7448,102.2706,4.7,"102.2706,29.7448"
29.4732,105.7319,4.9,"105.7319,29.4732"
28.0362,101.4146,4.7,"101.4146,28.0362"
32.5488,104.0662,4.7,"104.0662,32.5488"
29.6438,101.9644,4.5,"101.9644,29.6438"
30.1727,99.609,4.9,"99.609,30.1727"
30.1768,99.6502,5.3,"99.6502,30.1768"
30.1048,99.7368,4.7,"99.7368,30.1048"
30.1819,99.6908,5.2,"99.6908,30.1819"
27.2224,96.8182,4.5,"96.8182,27.2224"
27.09,103.6535,4.6,"103.6535,27.09"
27.1902,103.4697,4.7,"103.4697,27.1902"
30.3812,98.3154,4.6,"98.3154,30.3812"
31.8459,104.4375,4.8,"104.4375,31.8459"
31.5785,103.3752,4.6,"103.3752,31.5785"
26.0846,99.575,4.8,"99.575,26.0846"
26.0476,99.492,4.9,"99.492,26.0476"
29.6372,102.2029,4.5,"102.2029,29.6372"
29.6153,101.9619,4.8,"101.9619,29.6153"
29.654,102.0897,4.6,"102.0897,29.654"
29.8667,98.0065,4.7,"98.0065,29.8667"
28.0616,101.4009,4.7,"101.4009,28.0616"
30.4216,99.8575,4.6,"99.8575,30.4216"
26.0834,99.5903,4.6,"99.5903,26.0834"
29.4466,104.1184,4.6,"104.1184,29.4466"
28.3819,104.9701,4.6,"104.9701,28.3819"
27.55,100.3,4.7,"100.3,27.55"
30.1517,98.0584,4.8,"98.0584,30.1517"
29.2072,102.1703,4.7,"102.1703,29.2072"
34.2965,98.2297,5.1,"98.2297,34.2965"
32.5158,105.3805,4.7,"105.3805,32.5158"
27.6703,100.2728,4.6,"100.2728,27.6703"
31.9101,104.4726,4.6,"104.4726,31.9101"
35.4362,104.584,4.6,"104.584,35.4362"
26.4644,96.5118,4.5,"96.5118,26.4644"
28.2013,106.0739,4.6,"106.0739,28.2013"
33.0669,98.9486,4.7,"98.9486,33.0669"
30.8684,102.9311,4.5,"102.9311,30.8684"
35.385999999999996,104.0004,4.5,"104.0004,35.385999999999996"
26.6884,108.8076,5.4,"108.8076,26.6884"
28.3512,104.8941,5.0,"104.8941,28.3512"
34.766,98.9802,4.7,"98.9802,34.766"
28.4383,104.8748,4.6,"104.8748,28.4383"
31.7459,104.2804,4.5,"104.2804,31.7459"
29.3525,103.1991,5.3,"103.1991,29.3525"
30.2867,103.3265,4.5,"103.3265,30.2867"
28.0876,101.8508,4.5,"101.8508,28.0876"
30.1884,101.7618,5.6,"101.7618,30.1884"
32.108000000000004,104.5657,4.5,"104.5657,32.108000000000004"
34.3664,102.3621,4.5,"102.3621,34.3664"
30.3398,101.7374,5.9,"101.7374,30.3398"
33.0825,101.3339,4.6,"101.3339,33.0825"
27.1132,103.5467,4.6,"103.5467,27.1132"
34.2509,102.348,4.5,"102.348,34.2509"
27.1694,97.0744,4.7,"97.0744,27.1694"
30.1975,102.9603,4.7,"102.9603,30.1975"
28.3998,102.7906,5.1,"102.7906,28.3998"
27.1324,103.4737,4.5,"103.4737,27.1324"
32.5713,105.3326,4.6,"105.3326,32.5713"
27.1556,103.5516,4.7,"103.5516,27.1556"
27.0989,103.5564,4.6,"103.5564,27.0989"
28.1525,103.5911,4.6,"103.5911,28.1525"
28.1851,103.7061,4.7,"103.7061,28.1851"
28.1251,103.5463,5.0,"103.5463,28.1251"
34.8385,98.9259,4.8,"98.9259,34.8385"
31.8585,104.2248,4.7,"104.2248,31.8585"
27.1939,103.3072,4.6,"103.3072,27.1939"
27.1612,103.4425,4.6,"103.4425,27.1612"
27.1502,103.4774,4.7,"103.4774,27.1502"
27.2425,103.3889,4.6,"103.3889,27.2425"
27.1625,103.3621,4.5,"103.3621,27.1625"
27.1891,103.4086,6.2,"103.4086,27.1891"
31.4568,105.3103,4.5,"105.3103,31.4568"
31.497,105.2173,4.7,"105.2173,31.497"
31.5244,104.1334,4.5,"104.1334,31.5244"
29.5886,103.0098,4.5,"103.0098,29.5886"
31.1783,103.5921,4.7,"103.5921,31.1783"
32.4987,105.1835,5.0,"105.1835,32.4987"
30.2992,102.9554,4.6,"102.9554,30.2992"
26.0417,100.6494,4.5,"100.6494,26.0417"
28.3821,104.9656,4.7,"104.9656,28.3821"
31.7343,103.3136,4.6,"103.3136,31.7343"
28.1736,103.6189,5.4,"103.6189,28.1736"
26.1904,100.7567,4.5,"100.7567,26.1904"
27.4652,96.9988,4.5,"96.9988,27.4652"
25.8578,100.6549,4.5,"100.6549,25.8578"
26.9059,101.1773,4.8,"101.1773,26.9059"
30.2901,102.9641,4.6,"102.9641,30.2901"
32.1911,105.0381,4.5,"105.0381,32.1911"
28.1744,99.2997,4.5,"99.2997,28.1744"
26.3683,103.2016,4.6,"103.2016,26.3683"
28.0938,102.8744,4.6,"102.8744,28.0938"
32.0096,104.4756,5.0,"104.4756,32.0096"
28.2649,99.4911,4.9,"99.4911,28.2649"
28.2704,99.2852,4.6,"99.2852,28.2704"
29.997,99.7169,4.6,"99.7169,29.997"
28.2123,99.3107,4.6,"99.3107,28.2123"
28.2199,99.3432,5.0,"99.3432,28.2199"
28.2316,99.4322,4.9,"99.4322,28.2316"
28.2425,99.3502,5.6,"99.3502,28.2425"
28.3438,99.36399999999999,4.5,"99.36399999999999,28.3438"
28.239,99.3276,5.2,"99.3276,28.239"
31.7105,99.0083,4.8,"99.0083,31.7105"
30.1514,97.9591,4.9,"97.9591,30.1514"
30.0468,98.0755,4.5,"98.0755,30.0468"
30.0761,97.9241,5.1,"97.9241,30.0761"
29.976,97.9127,4.9,"97.9127,29.976"
30.0464,97.9565,5.7,"97.9565,30.0464"
30.0293,98.0134,4.7,"98.0134,30.0293"
30.0867,98.0027,4.5,"98.0027,30.0867"
30.0628,97.9753,4.8,"97.9753,30.0628"
31.7411,103.2459,4.5,"103.2459,31.7411"
34.5437,104.2362,4.6,"104.2362,34.5437"
33.001999999999995,104.92,4.6,"104.92,33.001999999999995"
34.529,104.176,5.4,"104.176,34.529"
34.551,104.39200000000001,4.9,"104.39200000000001,34.551"
34.512,104.262,5.9,"104.262,34.512"
25.9,99.009,4.7,"99.009,25.9"
29.214000000000002,100.072,4.7,"100.072,29.214000000000002"
32.515,105.163,4.7,"105.163,32.515"
30.339000000000002,102.984,4.6,"102.984,30.339000000000002"
31.711,104.18,4.7,"104.18,31.711"
28.381999999999998,104.956,5.3,"104.956,28.381999999999998"
30.288,103.156,4.7,"103.156,30.288"
30.396,103.021,4.6,"103.021,30.396"
30.236,102.96799999999999,4.5,"102.96799999999999,30.236"
30.229,102.962,4.6,"102.962,30.229"
30.316999999999997,102.99799999999999,5.2,"102.99799999999999,30.316999999999997"
30.225,103.015,5.0,"103.015,30.225"
30.339000000000002,103.06,5.1,"103.06,30.339000000000002"
30.36,103.084,4.6,"103.084,30.36"
30.21,102.92200000000001,4.5,"102.92200000000001,30.21"
30.194000000000003,102.993,4.6,"102.993,30.194000000000003"
30.366,103.051,4.8,"103.051,30.366"
30.394000000000002,103.133,4.5,"103.133,30.394000000000002"
30.372,102.985,4.5,"102.985,30.372"
30.186999999999998,102.95,5.1,"102.95,30.186999999999998"
30.272,103.111,4.6,"103.111,30.272"
30.326999999999998,103.05,4.5,"103.05,30.326999999999998"
30.151,102.95200000000001,4.8,"102.95200000000001,30.151"
30.281999999999996,102.99799999999999,5.1,"102.99799999999999,30.281999999999996"
30.34,103.04899999999999,4.6,"103.04899999999999,30.34"
30.287,103.05799999999999,4.8,"103.05799999999999,30.287"
30.209,102.86200000000001,5.0,"102.86200000000001,30.209"
30.263,102.97,4.6,"102.97,30.263"
30.255,102.991,4.9,"102.991,30.255"
30.215,102.969,4.8,"102.969,30.215"
30.401,103.119,4.8,"103.119,30.401"
30.308000000000003,102.88799999999999,6.6,"102.88799999999999,30.308000000000003"
25.953000000000003,99.78200000000001,5.1,"99.78200000000001,25.953000000000003"
31.338,103.738,4.5,"103.738,31.338"
25.98,99.81200000000001,5.2,"99.81200000000001,25.98"
31.289,105.221,4.9,"105.221,31.289"
28.373,104.95700000000001,4.7,"104.95700000000001,28.373"
27.226,103.071,4.9,"103.071,27.226"
28.004,104.23700000000001,4.6,"104.23700000000001,28.004"
31.515,103.37700000000001,4.5,"103.37700000000001,31.515"
31.055999999999997,99.546,5.4,"99.546,31.055999999999997"
29.348000000000003,105.271,4.6,"105.271,29.348000000000003"
27.103,102.86,4.9,"102.86,27.103"
31.87,104.28,4.8,"104.28,31.87"
26.601,102.76299999999999,4.7,"102.76299999999999,26.601"
29.336,105.25399999999999,4.9,"105.25399999999999,29.336"
29.291,105.32700000000001,4.6,"105.32700000000001,29.291"
27.636,104.027,4.7,"104.027,27.636"
27.683000000000003,104.145,4.7,"104.145,27.683000000000003"
27.572,104.007,5.3,"104.007,27.572"
27.576,104.051,4.8,"104.051,27.576"
27.575,103.98299999999999,5.5,"103.98299999999999,27.575"
28.453000000000003,104.87899999999999,4.6,"104.87899999999999,28.453000000000003"
30.884,103.512,4.6,"103.512,30.884"
29.307,102.973,4.8,"102.973,29.307"
27.767,100.781,5.5,"100.781,27.767"
28.111,104.416,4.7,"104.416,28.111"
31.543000000000003,104.117,4.6,"104.117,31.543000000000003"
29.318,100.088,4.9,"100.088,29.318"
31.279,103.81,4.8,"103.81,31.279"
32.661,105.479,4.6,"105.479,32.661"
27.408,103.348,4.6,"103.348,27.408"
30.163,97.50299999999999,4.7,"97.50299999999999,30.163"
30.118000000000002,97.41799999999999,4.8,"97.41799999999999,30.118000000000002"
34.538000000000004,104.17200000000001,5.0,"104.17200000000001,34.538000000000004"
32.531,105.319,5.0,"105.319,32.531"
32.28,104.819,4.8,"104.819,32.28"
31.194000000000003,103.765,4.5,"103.765,31.194000000000003"
26.521,96.74799999999999,4.5,"96.74799999999999,26.521"
29.326,101.081,4.7,"101.081,29.326"
31.835,104.208,4.8,"104.208,31.835"
32.503,105.421,5.0,"105.421,32.503"
31.243000000000002,103.727,4.7,"103.727,31.243000000000002"
33.768,98.941,4.5,"98.941,33.768"
26.686,103.05799999999999,4.8,"103.05799999999999,26.686"
31.373,100.757,5.4,"100.757,31.373"
31.563000000000002,104.15899999999999,4.7,"104.15899999999999,31.563000000000002"
34.415,103.85700000000001,4.6,"103.85700000000001,34.415"
27.255,103.02799999999999,4.8,"103.02799999999999,27.255"
32.205,104.477,4.8,"104.477,32.205"
27.234,103.04899999999999,4.6,"103.04899999999999,27.234"
32.496,105.21600000000001,4.8,"105.21600000000001,32.496"
30.114,99.56700000000001,4.6,"99.56700000000001,30.114"
32.121,104.648,4.7,"104.648,32.121"
28.031,104.212,5.0,"104.212,28.031"
29.335,105.47200000000001,4.7,"105.47200000000001,29.335"
27.197,103.005,4.9,"103.005,27.197"
26.329,96.99799999999999,4.6,"96.99799999999999,26.329"
32.313,104.90799999999999,4.8,"104.90799999999999,32.313"
31.807,104.22399999999999,4.9,"104.22399999999999,31.807"
31.151999999999997,103.54700000000001,5.0,"103.54700000000001,31.151999999999997"
30.432,101.42399999999999,5.1,"101.42399999999999,30.432"
33.061,96.647,4.9,"96.647,33.061"
33.016999999999996,96.946,4.6,"96.946,33.016999999999996"
33.071,96.617,5.0,"96.617,33.071"
32.955,97.09899999999999,4.5,"97.09899999999999,32.955"
33.126,96.546,5.2,"96.546,33.126"
32.891999999999996,96.814,4.9,"96.814,32.891999999999996"
32.925,96.86,5.4,"96.86,32.925"
33.165,96.54799999999999,6.9,"96.54799999999999,33.165"
33.16,96.712,4.9,"96.712,33.16"
31.215999999999998,103.546,4.7,"103.546,31.215999999999998"
31.915,104.375,4.5,"104.375,31.915"
32.302,105.171,5.0,"105.171,32.302"
31.204,103.62200000000001,4.5,"103.62200000000001,31.204"
30.268,105.66799999999999,5.1,"105.66799999999999,30.268"
26.29,99.866,5.0,"99.866,26.29"
27.151,100.895,4.5,"100.895,27.151"
31.186,103.787,4.9,"103.787,31.186"
30.959,103.38600000000001,4.6,"103.38600000000001,30.959"
28.955,105.641,4.6,"105.641,28.955"
25.962,100.825,4.9,"100.825,25.962"
32.522,105.238,5.2,"105.238,32.522"
34.898,99.45700000000001,5.1,"99.45700000000001,34.898"
31.971,104.61,5.1,"104.61,31.971"
32.838,105.51899999999999,4.9,"105.51899999999999,32.838"
31.765,104.181,4.6,"104.181,31.765"
31.419,104.09200000000001,4.5,"104.09200000000001,31.419"
31.392,104.137,4.9,"104.137,31.392"
31.500999999999998,104.088,4.9,"104.088,31.500999999999998"
31.464000000000002,104.111,4.9,"104.111,31.464000000000002"
31.515,104.148,4.7,"104.148,31.515"
31.426,104.012,5.3,"104.012,31.426"
32.291,104.914,4.5,"104.914,32.291"
25.961,99.90700000000001,4.7,"99.90700000000001,25.961"
25.967,99.944,4.9,"99.944,25.967"
31.813000000000002,104.29799999999999,4.7,"104.29799999999999,31.813000000000002"
26.982,104.139,4.7,"104.139,26.982"
32.203,105.09100000000001,4.8,"105.09100000000001,32.203"
32.385999999999996,105.096,5.3,"105.096,32.385999999999996"
32.259,104.986,4.6,"104.986,32.259"
31.799,104.792,5.1,"104.792,31.799"
31.862,104.436,4.6,"104.436,31.862"
31.378,103.945,4.7,"103.945,31.378"
30.883000000000003,103.273,4.9,"103.273,30.883000000000003"
31.184,103.321,4.8,"103.321,31.184"
32.125,104.836,4.5,"104.836,32.125"
31.903000000000002,104.186,4.7,"104.186,31.903000000000002"
32.275,105.098,5.0,"105.098,32.275"
31.274,103.215,4.6,"103.215,31.274"
26.980999999999998,102.56700000000001,4.6,"102.56700000000001,26.980999999999998"
32.518,105.395,5.1,"105.395,32.518"
31.916999999999998,104.19200000000001,4.5,"104.19200000000001,31.916999999999998"
31.619,104.369,4.6,"104.369,31.619"
31.186,103.348,4.8,"103.348,31.186"
31.177,103.834,4.8,"103.834,31.177"
32.139,104.75299999999999,5.0,"104.75299999999999,32.139"
32.802,105.49700000000001,4.7,"105.49700000000001,32.802"
32.037,102.97,4.7,"102.97,32.037"
32.056,104.479,4.9,"104.479,32.056"
31.779,104.416,4.8,"104.416,31.779"
31.374000000000002,104.315,4.5,"104.315,31.374000000000002"
31.381999999999998,103.911,4.6,"103.911,31.381999999999998"
32.453,105.262,4.8,"105.262,32.453"
31.558000000000003,104.083,4.5,"104.083,31.558000000000003"
31.116999999999997,103.61200000000001,4.6,"103.61200000000001,31.116999999999997"
31.18,103.73899999999999,4.5,"103.73899999999999,31.18"
29.314,104.809,4.6,"104.809,29.314"
31.82,104.09700000000001,4.7,"104.09700000000001,31.82"
31.575,103.977,4.6,"103.977,31.575"
26.33,101.82600000000001,4.7,"101.82600000000001,26.33"
31.151,103.693,4.5,"103.693,31.151"
32.911,105.62899999999999,5.1,"105.62899999999999,32.911"
32.375,105.26899999999999,4.9,"105.26899999999999,32.375"
26.237,102.012,4.7,"102.012,26.237"
26.232,101.97,5.6,"101.97,26.232"
26.241,101.889,6.0,"101.889,26.241"
32.675,105.975,4.6,"105.975,32.675"
30.968000000000004,103.38600000000001,4.6,"103.38600000000001,30.968000000000004"
32.489000000000004,105.439,4.5,"105.439,32.489000000000004"
31.868000000000002,104.227,5.0,"104.227,31.868000000000002"
26.795,97.09299999999999,4.5,"97.09299999999999,26.795"
32.735,105.51100000000001,4.6,"105.51100000000001,32.735"
31.491999999999997,104.03399999999999,4.6,"104.03399999999999,31.491999999999997"
32.138000000000005,104.63600000000001,4.9,"104.63600000000001,32.138000000000005"
32.793,105.62799999999999,4.5,"105.62799999999999,32.793"
32.834,105.413,4.5,"105.413,32.834"
32.66,105.52600000000001,4.7,"105.52600000000001,32.66"
32.774,105.53,4.8,"105.53,32.774"
32.756,105.494,6.0,"105.494,32.756"
32.942,105.682,4.5,"105.682,32.942"
32.44,105.22399999999999,4.9,"105.22399999999999,32.44"
32.033,104.72200000000001,5.7,"104.72200000000001,32.033"
31.273000000000003,103.833,4.6,"103.833,31.273000000000003"
32.763000000000005,105.51700000000001,4.5,"105.51700000000001,32.763000000000005"
30.826,103.396,4.6,"103.396,30.826"
32.747,105.542,5.7,"105.542,32.747"
32.779,105.48700000000001,4.8,"105.48700000000001,32.779"
32.751999999999995,105.49799999999999,5.5,"105.49799999999999,32.751999999999995"
32.463,105.07,4.5,"105.07,32.463"
31.643,104.197,5.1,"104.197,31.643"
31.561999999999998,104.116,5.0,"104.116,31.561999999999998"
32.257,105.056,4.6,"105.056,32.257"
31.456999999999997,103.948,4.8,"103.948,31.456999999999997"
31.529,104.185,4.8,"104.185,31.529"
31.616,104.258,4.7,"104.258,31.616"
31.851,104.279,4.7,"104.279,31.851"
31.393,103.96799999999999,4.5,"103.96799999999999,31.393"
32.318000000000005,105.029,4.5,"105.029,32.318000000000005"
32.111,104.69,4.6,"104.69,32.111"
32.297,105.00200000000001,4.8,"105.00200000000001,32.297"
31.485,103.387,4.7,"103.387,31.485"
30.881,103.11399999999999,4.5,"103.11399999999999,30.881"
31.209,103.882,4.6,"103.882,31.209"
32.242,104.43700000000001,4.7,"104.43700000000001,32.242"
31.121,103.65299999999999,4.6,"103.65299999999999,31.121"
32.769,105.564,4.8,"105.564,32.769"
31.71,104.27600000000001,4.6,"104.27600000000001,31.71"
31.183000000000003,103.561,4.6,"103.561,31.183000000000003"
29.313000000000002,102.45100000000001,4.5,"102.45100000000001,29.313000000000002"
31.118000000000002,103.4,4.5,"103.4,31.118000000000002"
32.231,104.863,4.5,"104.863,32.231"
32.760999999999996,105.554,4.8,"105.554,32.760999999999996"
31.636999999999997,104.161,4.7,"104.161,31.636999999999997"
31.066999999999997,103.652,4.6,"103.652,31.066999999999997"
31.585,104.166,4.5,"104.166,31.585"
30.896,103.291,4.8,"103.291,30.896"
31.311,103.708,4.9,"103.708,31.311"
31.819000000000003,104.24,4.8,"104.24,31.819000000000003"
32.501999999999995,105.163,4.9,"105.163,32.501999999999995"
32.306,105.50200000000001,4.6,"105.50200000000001,32.306"
31.143,103.464,4.7,"103.464,31.143"
31.234,103.699,4.5,"103.699,31.234"
31.089000000000002,103.495,4.5,"103.495,31.089000000000002"
31.153000000000002,103.695,4.6,"103.695,31.153000000000002"
32.639,105.523,4.7,"105.523,32.639"
32.349000000000004,105.005,5.2,"105.005,32.349000000000004"
32.292,105.177,4.5,"105.177,32.292"
30.906999999999996,103.56700000000001,4.8,"103.56700000000001,30.906999999999996"
32.067,104.602,5.0,"104.602,32.067"
31.303,103.848,4.5,"103.848,31.303"
31.615,103.774,4.5,"103.774,31.615"
31.721999999999998,104.186,4.6,"104.186,31.721999999999998"
30.906,103.45,4.5,"103.45,30.906"
31.822,104.18799999999999,4.6,"104.18799999999999,31.822"
32.578,105.477,4.5,"105.477,32.578"
32.333,105.057,4.6,"105.057,32.333"
31.085,103.512,4.8,"103.512,31.085"
32.641,105.37200000000001,4.9,"105.37200000000001,32.641"
31.451999999999998,104.037,4.6,"104.037,31.451999999999998"
32.67,105.382,5.0,"105.382,32.67"
32.075,104.52799999999999,4.5,"104.52799999999999,32.075"
32.505,105.1,4.7,"105.1,32.505"
32.71,105.54,5.7,"105.54,32.71"
32.664,104.956,4.7,"104.956,32.664"
32.699,105.53299999999999,5.2,"105.53299999999999,32.699"
31.331999999999997,104.06200000000001,4.5,"104.06200000000001,31.331999999999997"
31.343000000000004,103.973,4.5,"103.973,31.343000000000004"
31.228,103.68799999999999,4.8,"103.68799999999999,31.228"
30.855,103.353,4.6,"103.353,30.855"
31.048000000000002,103.639,4.7,"103.639,31.048000000000002"
33.071,104.955,4.8,"104.955,33.071"
31.416999999999998,103.956,4.5,"103.956,31.416999999999998"
32.56,105.42299999999999,6.1,"105.42299999999999,32.56"
31.932,104.509,4.6,"104.509,31.932"
32.259,105.066,4.5,"105.066,32.259"
31.156999999999996,103.876,4.6,"103.876,31.156999999999996"
31.238000000000003,103.662,4.8,"103.662,31.238000000000003"
31.083000000000002,103.79799999999999,4.9,"103.79799999999999,31.083000000000002"
32.187,104.94,4.5,"104.94,32.187"
31.404,103.977,4.6,"103.977,31.404"
32.336999999999996,105.074,4.5,"105.074,32.336999999999996"
31.805999999999997,104.27600000000001,4.6,"104.27600000000001,31.805999999999997"
31.592,104.15,4.7,"104.15,31.592"
32.225,105.005,4.9,"105.005,32.225"
32.451,105.272,5.2,"105.272,32.451"
32.402,105.042,5.0,"105.042,32.402"
31.193,103.09200000000001,4.5,"103.09200000000001,31.193"
31.217,103.595,4.5,"103.595,31.217"
31.668000000000003,104.41,4.6,"104.41,31.668000000000003"
30.855999999999998,103.546,4.5,"103.546,30.855999999999998"
32.24,104.98200000000001,5.8,"104.98200000000001,32.24"
31.998,104.70200000000001,4.8,"104.70200000000001,31.998"
32.256,105.204,4.7,"105.204,32.256"
31.29,103.665,5.0,"103.665,31.29"
32.51,105.32799999999999,4.5,"105.32799999999999,32.51"
31.104,103.60600000000001,4.9,"103.60600000000001,31.104"
31.595,104.086,4.5,"104.086,31.595"
32.508,105.219,4.5,"105.219,32.508"
31.355,103.351,5.6,"103.351,31.355"
31.383000000000003,104.005,4.8,"104.005,31.383000000000003"
31.314,104.023,4.9,"104.023,31.314"
32.298,104.766,4.9,"104.766,32.298"
32.343,105.154,4.6,"105.154,32.343"
32.843,105.585,4.8,"105.585,32.843"
31.959,104.881,4.7,"104.881,31.959"
31.930999999999997,104.42299999999999,4.9,"104.42299999999999,31.930999999999997"
31.217,103.76,4.5,"103.76,31.217"
31.18,103.723,4.8,"103.723,31.18"
31.66,104.214,5.1,"104.214,31.66"
31.266,103.67299999999999,4.7,"103.67299999999999,31.266"
31.428,103.947,4.6,"103.947,31.428"
31.343000000000004,103.81,4.5,"103.81,31.343000000000004"
32.455,105.139,4.5,"105.139,32.455"
31.747,104.148,4.6,"104.148,31.747"
32.137,104.93299999999999,4.6,"104.93299999999999,32.137"
32.369,105.12200000000001,4.8,"105.12200000000001,32.369"
31.355999999999998,104.014,5.1,"104.014,31.355999999999998"
31.503,104.193,4.5,"104.193,31.503"
30.927,103.594,4.6,"103.594,30.927"
31.201,103.959,4.8,"103.959,31.201"
31.223000000000003,103.819,4.6,"103.819,31.223000000000003"
31.996,104.03200000000001,5.1,"104.03200000000001,31.996"
31.741,104.36,4.6,"104.36,31.741"
31.325,103.51799999999999,5.4,"103.51799999999999,31.325"
31.206999999999997,103.805,4.5,"103.805,31.206999999999997"
30.927,103.478,4.5,"103.478,30.927"
28.451,104.15899999999999,4.5,"104.15899999999999,28.451"
31.303,103.836,4.6,"103.836,31.303"
31.579,104.296,4.5,"104.296,31.579"
30.965,103.431,4.7,"103.431,30.965"
31.034000000000002,103.573,4.5,"103.573,31.034000000000002"
31.734,104.415,4.8,"104.415,31.734"
31.303,103.815,4.5,"103.815,31.303"
31.677,104.141,4.5,"104.141,31.677"
31.156999999999996,103.693,4.6,"103.693,31.156999999999996"
31.249000000000002,103.96,4.5,"103.96,31.249000000000002"
32.33,105.164,4.9,"105.164,32.33"
32.535,105.40700000000001,4.6,"105.40700000000001,32.535"
32.254,105.29700000000001,4.9,"105.29700000000001,32.254"
31.643,104.166,4.5,"104.166,31.643"
31.133000000000003,103.568,4.9,"103.568,31.133000000000003"
31.732,104.41799999999999,4.9,"104.41799999999999,31.732"
31.829,104.52,4.6,"104.52,31.829"
31.37,103.962,4.9,"103.962,31.37"
32.275,105.03200000000001,4.9,"105.03200000000001,32.275"
32.416,105.275,5.0,"105.275,32.416"
30.89,103.194,5.8,"103.194,30.89"
31.474,104.124,4.6,"104.124,31.474"
31.315,103.795,4.5,"103.795,31.315"
32.609,105.425,4.6,"105.425,32.609"
32.524,105.289,4.5,"105.289,32.524"
31.788,104.531,4.6,"104.531,31.788"
31.444000000000003,103.936,4.5,"103.936,31.444000000000003"
31.239,103.93299999999999,4.5,"103.93299999999999,31.239"
31.205,103.682,5.0,"103.682,31.205"
31.073,103.54,4.5,"103.54,31.073"
31.805,104.588,4.8,"104.588,31.805"
31.226,104.00299999999999,4.7,"104.00299999999999,31.226"
31.549,104.12899999999999,4.7,"104.12899999999999,31.549"
30.903000000000002,103.689,4.5,"103.689,30.903000000000002"
31.359,104.04799999999999,4.7,"104.04799999999999,31.359"
31.298000000000002,103.53,5.1,"103.53,31.298000000000002"
31.281999999999996,103.527,5.2,"103.527,31.281999999999996"
31.288,103.45100000000001,4.6,"103.45100000000001,31.288"
32.379,105.15299999999999,4.7,"105.15299999999999,32.379"
31.176,104.01100000000001,4.6,"104.01100000000001,31.176"
31.746,104.454,5.3,"104.454,31.746"
31.413,103.889,5.6,"103.889,31.413"
31.193,103.757,4.6,"103.757,31.193"
31.326999999999998,103.992,4.6,"103.992,31.326999999999998"
31.236,103.742,4.6,"103.742,31.236"
32.448,105.274,4.6,"105.274,32.448"
31.279,103.79299999999999,4.5,"103.79299999999999,31.279"
31.36,103.921,4.7,"103.921,31.36"
31.179000000000002,103.572,4.5,"103.572,31.179000000000002"
31.115,103.693,4.6,"103.693,31.115"
32.395,105.221,4.5,"105.221,32.395"
31.178,103.524,5.0,"103.524,31.178"
31.858,104.507,4.7,"104.507,31.858"
31.243000000000002,103.611,4.7,"103.611,31.243000000000002"
31.439,104.01799999999999,4.6,"104.01799999999999,31.439"
31.265,104.139,4.6,"104.139,31.265"
31.147,103.59299999999999,4.5,"103.59299999999999,31.147"
31.101,103.583,4.8,"103.583,31.101"
31.28,104.339,4.8,"104.339,31.28"
31.127,103.76,4.6,"103.76,31.127"
31.921,104.38,4.5,"104.38,31.921"
31.058000000000003,103.514,5.0,"103.514,31.058000000000003"
32.345,105.185,4.7,"105.185,32.345"
31.052,103.671,4.8,"103.671,31.052"
31.951999999999998,104.575,5.1,"104.575,31.951999999999998"
31.243000000000002,103.69200000000001,5.0,"103.69200000000001,31.243000000000002"
32.733000000000004,105.616,5.1,"105.616,32.733000000000004"
31.278000000000002,103.36200000000001,4.5,"103.36200000000001,31.278000000000002"
32.918,105.273,4.5,"105.273,32.918"
31.750999999999998,104.101,4.7,"104.101,31.750999999999998"
32.12,104.65,5.0,"104.65,32.12"
31.193,103.646,4.6,"103.646,31.193"
32.25,104.068,4.6,"104.068,32.25"
31.804000000000002,104.681,4.5,"104.681,31.804000000000002"
31.241999999999997,103.829,4.5,"103.829,31.241999999999997"
31.179000000000002,103.531,4.5,"103.531,31.179000000000002"
31.028000000000002,103.51100000000001,5.0,"103.51100000000001,31.028000000000002"
32.105,104.887,4.5,"104.887,32.105"
31.416,104.081,4.5,"104.081,31.416"
32.074,104.57600000000001,4.7,"104.57600000000001,32.074"
31.353,104.04899999999999,4.7,"104.04899999999999,31.353"
31.857,104.616,4.8,"104.616,31.857"
31.335,103.75399999999999,4.7,"103.75399999999999,31.335"
32.150999999999996,104.73100000000001,4.5,"104.73100000000001,32.150999999999996"
32.316,105.223,4.8,"105.223,32.316"
32.608000000000004,105.51899999999999,4.6,"105.51899999999999,32.608000000000004"
31.156999999999996,103.735,4.7,"103.735,31.156999999999996"
32.755,105.551,4.6,"105.551,32.755"
32.044000000000004,104.726,4.6,"104.726,32.044000000000004"
32.332,105.08,4.5,"105.08,32.332"
32.445,105.318,4.6,"105.318,32.445"
31.230999999999998,103.861,4.7,"103.861,31.230999999999998"
31.226999999999997,104.068,4.5,"104.068,31.226999999999997"
31.214000000000002,103.618,6.1,"103.618,31.214000000000002"
31.311,104.036,4.8,"104.036,31.311"
31.616,104.47,4.5,"104.47,31.616"
32.459,105.251,4.7,"105.251,32.459"
30.965999999999998,103.365,5.0,"103.365,30.965999999999998"
31.686999999999998,104.419,4.6,"104.419,31.686999999999998"
31.486,104.162,4.5,"104.162,31.486"
31.281999999999996,104.00399999999999,4.6,"104.00399999999999,31.281999999999996"
31.057,103.723,4.5,"103.723,31.057"
31.624000000000002,104.23,4.6,"104.23,31.624000000000002"
31.526999999999997,104.09200000000001,5.5,"104.09200000000001,31.526999999999997"
31.315,103.988,4.5,"103.988,31.315"
31.261,103.631,4.7,"103.631,31.261"
32.176,104.88600000000001,4.8,"104.88600000000001,32.176"
31.066,103.632,4.8,"103.632,31.066"
31.195999999999998,103.479,4.8,"103.479,31.195999999999998"
31.775,104.208,4.5,"104.208,31.775"
31.206,103.682,5.0,"103.682,31.206"
31.261,103.772,4.8,"103.772,31.261"
31.433000000000003,104.49600000000001,4.5,"104.49600000000001,31.433000000000003"
32.0,104.90100000000001,4.5,"104.90100000000001,32.0"
32.075,104.89399999999999,4.7,"104.89399999999999,32.075"
32.382,105.34899999999999,4.7,"105.34899999999999,32.382"
32.199,104.971,4.9,"104.971,32.199"
31.159000000000002,103.64299999999999,4.6,"103.64299999999999,31.159000000000002"
31.406,103.961,4.9,"103.961,31.406"
31.503,104.052,5.0,"104.052,31.503"
31.363000000000003,103.865,4.7,"103.865,31.363000000000003"
32.213,104.976,4.8,"104.976,32.213"
31.1,103.53,5.0,"103.53,31.1"
32.003,104.723,4.7,"104.723,32.003"
31.706,104.52600000000001,4.7,"104.52600000000001,31.706"
30.825,103.45100000000001,4.6,"103.45100000000001,30.825"
32.053000000000004,104.70299999999999,4.7,"104.70299999999999,32.053000000000004"
31.769000000000002,104.44,4.5,"104.44,31.769000000000002"
31.394000000000002,103.855,4.7,"103.855,31.394000000000002"
31.605,104.488,4.7,"104.488,31.605"
32.433,105.36,4.8,"105.36,32.433"
30.508000000000003,103.87899999999999,4.8,"103.87899999999999,30.508000000000003"
31.079,103.95700000000001,4.7,"103.95700000000001,31.079"
32.589,105.26899999999999,4.7,"105.26899999999999,32.589"
32.043,104.671,4.9,"104.671,32.043"
31.258000000000003,104.12799999999999,4.7,"104.12799999999999,31.258000000000003"
31.243000000000002,103.625,5.1,"103.625,31.243000000000002"
30.930999999999997,103.62,4.7,"103.62,30.930999999999997"
32.521,105.01799999999999,4.6,"105.01799999999999,32.521"
32.209,104.96,4.7,"104.96,32.209"
31.31,103.244,4.8,"103.244,31.31"
32.174,104.964,4.8,"104.964,32.174"
31.68,104.27799999999999,4.5,"104.27799999999999,31.68"
31.18,103.738,4.5,"103.738,31.18"
31.592,104.63600000000001,4.7,"104.63600000000001,31.592"
31.041999999999998,103.52600000000001,4.7,"103.52600000000001,31.041999999999998"
31.183000000000003,105.132,4.8,"105.132,31.183000000000003"
32.219,104.91799999999999,4.9,"104.91799999999999,32.219"
32.187,104.854,4.9,"104.854,32.187"
32.165,105.134,5.0,"105.134,32.165"
31.636,104.21700000000001,5.3,"104.21700000000001,31.636"
32.195,104.90799999999999,5.0,"104.90799999999999,32.195"
31.215999999999998,103.646,5.0,"103.646,31.215999999999998"
31.857,104.63799999999999,5.1,"104.63799999999999,31.857"
31.146,103.74700000000001,5.3,"103.74700000000001,31.146"
32.372,105.20200000000001,5.1,"105.20200000000001,32.372"
31.539,104.088,4.9,"104.088,31.539"
31.906,104.48100000000001,5.1,"104.48100000000001,31.906"
32.436,105.234,5.3,"105.234,32.436"
31.272,104.705,5.4,"104.705,31.272"
31.211,103.715,5.8,"103.715,31.211"
31.342,104.682,5.7,"104.682,31.342"
31.586,104.03200000000001,5.7,"104.03200000000001,31.586"
31.968000000000004,104.787,5.2,"104.787,31.968000000000004"
31.002,103.322,7.9,"103.322,31.002"
27.449,101.939,4.8,"101.939,27.449"
26.105999999999998,96.915,4.6,"96.915,26.105999999999998"
27.133000000000003,96.977,4.7,"96.977,27.133000000000003"
31.295,104.135,4.5,"104.135,31.295"
30.085,101.76899999999999,5.1,"101.76899999999999,30.085"
28.348000000000003,104.988,4.8,"104.988,28.348000000000003"
27.357,107.751,4.6,"107.751,27.357"
30.107,98.25,4.7,"98.25,30.107"
34.013000000000005,100.92200000000001,4.5,"100.92200000000001,34.013000000000005"
31.355,97.787,5.5,"97.787,31.355"
33.084,97.978,4.9,"97.978,33.084"
33.259,104.74,4.7,"104.74,33.259"
33.010999999999996,102.156,4.5,"102.156,33.010999999999996"
27.136,101.07799999999999,4.5,"101.07799999999999,27.136"
27.844,103.956,4.8,"103.956,27.844"
27.249000000000002,102.757,4.6,"102.757,27.249000000000002"
28.011999999999997,104.15100000000001,5.0,"104.15100000000001,28.011999999999997"
27.995,104.13799999999999,4.9,"104.13799999999999,27.995"
33.068000000000005,104.95,4.9,"104.95,33.068000000000005"
30.726,98.939,4.9,"98.939,30.726"
26.209,96.85799999999999,4.6,"96.85799999999999,26.209"
33.848,104.414,4.7,"104.414,33.848"
26.151999999999997,100.854,4.5,"100.854,26.151999999999997"
27.569000000000003,100.765,4.5,"100.765,27.569000000000003"
33.439,104.76799999999999,4.5,"104.76799999999999,33.439"
30.921,99.115,4.7,"99.115,30.921"
27.267,100.993,4.5,"100.993,27.267"
30.11,99.818,4.6,"99.818,30.11"
30.311,101.40799999999999,4.8,"101.40799999999999,30.311"
27.281999999999996,103.699,4.5,"103.699,27.281999999999996"
26.478,102.875,4.5,"102.875,26.478"
26.569000000000003,103.036,5.2,"103.036,26.569000000000003"
26.458000000000002,102.59700000000001,4.8,"102.59700000000001,26.458000000000002"
34.118,104.514,4.8,"104.514,34.118"
32.364000000000004,101.695,4.8,"101.695,32.364000000000004"
30.175,108.196,4.6,"108.196,30.175"
31.093000000000004,96.84700000000001,4.5,"96.84700000000001,31.093000000000004"
29.526999999999997,97.26799999999999,4.5,"97.26799999999999,29.526999999999997"
33.257,100.959,4.6,"100.959,33.257"
34.681999999999995,103.781,5.2,"103.781,34.681999999999995"
33.804,104.97200000000001,4.6,"104.97200000000001,33.804"
31.176,103.897,4.6,"103.897,31.176"
27.313000000000002,103.56700000000001,4.6,"103.56700000000001,27.313000000000002"
27.184,103.94200000000001,4.7,"103.94200000000001,27.184"
27.266,103.87299999999999,5.4,"103.87299999999999,27.266"
29.06,104.704,4.5,"104.704,29.06"
27.099,97.219,5.0,"97.219,27.099"
31.041999999999998,98.507,4.7,"98.507,31.041999999999998"
25.965999999999998,101.344,4.6,"101.344,25.965999999999998"
34.144,100.941,4.5,"100.941,34.144"
28.066,104.46,4.8,"104.46,28.066"
33.683,97.03299999999999,4.7,"97.03299999999999,33.683"
30.932,101.258,4.6,"101.258,30.932"
29.538,100.977,4.6,"100.977,29.538"
27.283,103.75299999999999,4.7,"103.75299999999999,27.283"
27.372,103.971,5.6,"103.971,27.372"
34.711999999999996,103.834,5.1,"103.834,34.711999999999996"
26.576999999999998,100.70100000000001,4.6,"100.70100000000001,26.576999999999998"
25.974,101.35,4.5,"101.35,25.974"
25.954,101.25399999999999,5.6,"101.25399999999999,25.954"
25.938000000000002,101.23,4.8,"101.23,25.938000000000002"
29.48,101.012,4.9,"101.012,29.48"
27.469,101.337,4.5,"101.337,27.469"
27.353,101.4,4.8,"101.4,27.353"
25.913,101.28399999999999,4.7,"101.28399999999999,25.913"
26.686999999999998,97.036,5.0,"97.036,26.686999999999998"
25.975,101.29,6.0,"101.29,25.975"
27.811,102.544,4.7,"102.544,27.811"
33.082,108.507,4.6,"108.507,33.082"
30.445,96.634,4.6,"96.634,30.445"
30.897,99.92,4.8,"99.92,30.897"
25.851999999999997,102.141,4.6,"102.141,25.851999999999997"
30.916,99.927,5.3,"99.927,30.916"
31.689,99.27,4.6,"99.27,31.689"
31.643,99.296,4.5,"99.296,31.643"
30.293000000000003,104.219,4.6,"104.219,30.293000000000003"
29.459,105.647,4.8,"105.647,29.459"
27.641,102.473,4.5,"102.473,27.641"
28.698,102.219,4.5,"102.219,28.698"
29.925,99.34200000000001,4.6,"99.34200000000001,29.925"
28.944000000000003,104.712,4.5,"104.712,28.944000000000003"
34.16,103.304,4.6,"103.304,34.16"
29.471,101.171,4.6,"101.171,29.471"
26.316,100.648,5.6,"100.648,26.316"
27.631,100.721,4.6,"100.721,27.631"
30.348000000000003,103.443,4.5,"103.443,30.348000000000003"
35.59,99.492,4.5,"99.492,35.59"
29.392,105.59299999999999,4.8,"105.59299999999999,29.392"
35.52,99.816,4.7,"99.816,35.52"
25.836,98.65899999999999,4.7,"98.65899999999999,25.836"
27.689,101.00299999999999,5.5,"101.00299999999999,27.689"
25.859,102.096,4.5,"102.096,25.859"
27.81,102.73700000000001,4.5,"102.73700000000001,27.81"
29.434,101.147,4.7,"101.147,29.434"
29.513,101.12899999999999,5.6,"101.12899999999999,29.513"
29.535999999999998,101.12100000000001,5.0,"101.12100000000001,29.535999999999998"
35.414,99.402,4.7,"99.402,35.414"
29.796,98.369,4.6,"98.369,29.796"
35.446,99.59,4.5,"99.59,35.446"
30.429000000000002,98.087,4.8,"98.087,30.429000000000002"
31.291,100.60700000000001,4.7,"100.60700000000001,31.291"
35.342,99.557,4.7,"99.557,35.342"
35.418,99.54700000000001,5.1,"99.54700000000001,35.418"
35.356,99.367,4.7,"99.367,35.356"
35.453,99.329,4.7,"99.329,35.453"
35.330999999999996,99.303,5.1,"99.303,35.330999999999996"
35.361999999999995,99.381,5.0,"99.381,35.361999999999995"
35.389,99.34299999999999,6.1,"99.34299999999999,35.389"
25.826,102.194,4.9,"102.194,25.826"
26.587,97.01799999999999,5.1,"97.01799999999999,26.587"
26.855999999999998,97.238,6.3,"97.238,26.855999999999998"
30.570999999999998,97.21600000000001,4.6,"97.21600000000001,30.570999999999998"
34.013000000000005,98.24600000000001,4.9,"98.24600000000001,34.013000000000005"
28.533,102.648,4.6,"102.648,28.533"
31.35,104.26299999999999,4.8,"104.26299999999999,31.35"
34.611,99.792,4.9,"99.792,34.611"
27.538,97.399,4.5,"97.399,27.538"
34.617,101.436,5.0,"101.436,34.617"
31.578000000000003,104.228,4.9,"104.228,31.578000000000003"
29.406,105.60700000000001,4.8,"105.60700000000001,29.406"
29.021,98.61399999999999,4.8,"98.61399999999999,29.021"
33.056999999999995,105.04700000000001,4.6,"105.04700000000001,33.056999999999995"
27.276999999999997,101.05,4.5,"101.05,27.276999999999997"
26.373,104.021,4.5,"104.021,26.373"
27.308000000000003,101.029,5.6,"101.029,27.308000000000003"
33.794000000000004,104.59100000000001,4.7,"104.59100000000001,33.794000000000004"
31.694000000000003,104.24,4.5,"104.24,31.694000000000003"
27.213,101.057,4.7,"101.057,27.213"
27.268,101.016,5.4,"101.016,27.268"
29.340999999999998,96.76299999999999,4.6,"96.76299999999999,29.340999999999998"
32.095,100.90700000000001,4.6,"100.90700000000001,32.095"
31.809,100.615,4.7,"100.615,31.809"
32.796,104.346,4.7,"104.346,32.796"
35.576,99.23200000000001,4.5,"99.23200000000001,35.576"
30.305,96.93,4.7,"96.93,30.305"
26.998,100.39200000000001,5.1,"100.39200000000001,26.998"
30.346999999999998,96.92200000000001,4.8,"96.92200000000001,30.346999999999998"
29.43,105.604,4.8,"105.604,29.43"
30.537,97.485,4.5,"97.485,30.537"
30.291,96.978,5.2,"96.978,30.291"
30.158,108.14399999999999,4.5,"108.14399999999999,30.158"
28.401999999999997,104.90299999999999,4.5,"104.90299999999999,28.401999999999997"
30.255,96.749,4.5,"96.749,30.255"
30.271,97.111,4.7,"97.111,30.271"
30.275,96.80799999999999,4.7,"96.80799999999999,30.275"
31.570999999999998,104.281,4.5,"104.281,31.570999999999998"
30.285,96.993,5.2,"96.993,30.285"
28.651999999999997,102.096,4.6,"102.096,28.651999999999997"
30.468000000000004,97.414,4.5,"97.414,30.468000000000004"
29.193,103.088,4.5,"103.088,29.193"
29.364,105.565,4.5,"105.565,29.364"
30.272,96.787,4.7,"96.787,30.272"
30.704,99.637,5.4,"99.637,30.704"
28.875,103.77,4.5,"103.77,28.875"
34.631,98.988,4.7,"98.988,34.631"
28.853,99.186,5.0,"99.186,28.853"
27.230999999999998,100.37799999999999,4.7,"100.37799999999999,27.230999999999998"
27.044,100.22,4.7,"100.22,27.044"
27.221999999999998,100.37299999999999,5.5,"100.37299999999999,27.221999999999998"
26.965999999999998,100.241,5.0,"100.241,26.965999999999998"
27.039,100.389,4.7,"100.389,27.039"
29.096,104.73899999999999,5.1,"104.73899999999999,29.096"
27.46,106.64,4.7,"106.64,27.46"
26.769000000000002,100.185,4.6,"100.185,26.769000000000002"
26.772,100.259,4.8,"100.259,26.772"
27.233,100.456,5.2,"100.456,27.233"
27.191,100.28399999999999,5.5,"100.28399999999999,27.191"
27.193,100.14399999999999,4.5,"100.14399999999999,27.193"
26.912,100.208,4.7,"100.208,26.912"
26.968000000000004,100.09899999999999,4.6,"100.09899999999999,26.968000000000004"
27.041,100.29899999999999,5.6,"100.29899999999999,27.041"
26.865,100.148,4.7,"100.148,26.865"
27.026999999999997,100.32600000000001,4.6,"100.32600000000001,27.026999999999997"
27.101999999999997,100.21600000000001,5.1,"100.21600000000001,27.101999999999997"
27.005,100.04799999999999,4.6,"100.04799999999999,27.005"
27.125,100.13799999999999,5.0,"100.13799999999999,27.125"
27.273000000000003,100.78200000000001,4.5,"100.78200000000001,27.273000000000003"
27.291,100.27600000000001,6.6,"100.27600000000001,27.291"
34.488,97.47399999999999,5.0,"97.47399999999999,34.488"
34.510999999999996,97.351,5.7,"97.351,34.510999999999996"
25.872,102.425,4.6,"102.425,25.872"
25.926,102.24700000000001,4.5,"102.24700000000001,25.926"
25.868000000000002,102.339,4.8,"102.339,25.868000000000002"
25.851999999999997,102.219,4.5,"102.219,25.851999999999997"
25.958000000000002,102.257,4.5,"102.257,25.958000000000002"
25.906,102.163,4.7,"102.163,25.906"
25.914,102.34,4.7,"102.34,25.914"
25.886,102.54700000000001,4.6,"102.54700000000001,25.886"
26.003,102.227,6.2,"102.227,26.003"
27.138,96.83200000000001,4.6,"96.83200000000001,27.138"
28.967,97.595,4.6,"97.595,28.967"
31.293000000000003,103.74600000000001,4.5,"103.74600000000001,31.293000000000003"
31.685,104.208,4.7,"104.208,31.685"
29.624000000000002,99.12700000000001,4.5,"99.12700000000001,29.624000000000002"
33.329,103.59200000000001,4.7,"103.59200000000001,33.329"
28.895,103.77799999999999,4.9,"103.77799999999999,28.895"
29.079,103.79,5.1,"103.79,29.079"
32.927,101.336,4.6,"101.336,32.927"
32.243,104.36399999999999,4.7,"104.36399999999999,32.243"
26.232,96.749,4.7,"96.749,26.232"
26.188000000000002,96.867,5.9,"96.867,26.188000000000002"
26.686999999999998,96.508,4.5,"96.508,26.686999999999998"
31.72,104.691,4.7,"104.691,31.72"
25.955,96.50399999999999,4.7,"96.50399999999999,25.955"
30.035,98.243,4.8,"98.243,30.035"
28.629,103.419,5.0,"103.419,28.629"
31.259,104.279,4.5,"104.279,31.259"
27.546,97.152,4.7,"97.152,27.546"
29.546,105.67200000000001,4.5,"105.67200000000001,29.546"
29.016,103.85,4.7,"103.85,29.016"
28.58,99.48,4.5,"99.48,28.58"
28.011,99.63600000000001,5.4,"99.63600000000001,28.011"
31.423000000000002,103.958,4.5,"103.958,31.423000000000002"
31.526999999999997,98.637,4.7,"98.637,31.526999999999997"
27.807,99.478,4.6,"99.478,27.807"
29.761999999999997,98.066,5.1,"98.066,29.761999999999997"
25.99,101.20299999999999,4.5,"101.20299999999999,25.99"
25.905,101.535,4.9,"101.535,25.905"
33.617,100.54799999999999,4.6,"100.54799999999999,33.617"
26.363000000000003,100.579,4.6,"100.579,26.363000000000003"
26.357,100.87200000000001,5.0,"100.87200000000001,26.357"
27.987,99.95,4.6,"99.95,27.987"
33.089,98.085,4.6,"98.085,33.089"
25.831,102.807,4.5,"102.807,25.831"
30.748,99.685,4.6,"99.685,30.748"
26.784000000000002,97.399,4.9,"97.399,26.784000000000002"
26.798000000000002,102.95700000000001,4.6,"102.95700000000001,26.798000000000002"
26.07,98.66799999999999,4.7,"98.66799999999999,26.07"
30.118000000000002,99.537,4.8,"99.537,30.118000000000002"
30.656999999999996,99.571,4.5,"99.571,30.656999999999996"
28.365,103.984,4.5,"103.984,28.365"
34.645,98.874,4.7,"98.874,34.645"
26.125999999999998,99.587,4.5,"99.587,26.125999999999998"
29.295,96.57799999999999,4.8,"96.57799999999999,29.295"
27.054000000000002,99.745,5.0,"99.745,27.054000000000002"
31.808000000000003,104.541,4.7,"104.541,31.808000000000003"
27.029,100.85600000000001,4.9,"100.85600000000001,27.029"
34.029,99.568,4.9,"99.568,34.029"
31.645,102.53399999999999,4.8,"102.53399999999999,31.645"
29.726999999999997,96.88799999999999,4.7,"96.88799999999999,29.726999999999997"
29.67,96.90799999999999,4.9,"96.90799999999999,29.67"
29.843000000000004,99.04299999999999,5.0,"99.04299999999999,29.843000000000004"
27.561999999999998,96.758,4.7,"96.758,27.561999999999998"
29.881,99.165,4.8,"99.165,29.881"
26.979,101.154,5.7,"101.154,26.979"
27.743000000000002,102.465,4.8,"102.465,27.743000000000002"
29.566,103.255,4.7,"103.255,29.566"
29.811,99.08200000000001,4.6,"99.08200000000001,29.811"
29.516,103.18299999999999,4.6,"103.18299999999999,29.516"
35.624,99.88,4.5,"99.88,35.624"
33.128,96.64399999999999,4.6,"96.64399999999999,33.128"
30.058000000000003,99.279,5.2,"99.279,30.058000000000003"
26.011,98.98,4.8,"98.98,26.011"
26.066,98.9,4.7,"98.9,26.066"
32.080999999999996,98.323,5.0,"98.323,32.080999999999996"
30.688000000000002,103.31700000000001,4.8,"103.31700000000001,30.688000000000002"
29.721999999999998,102.801,4.5,"102.801,29.721999999999998"
29.881999999999998,106.804,5.2,"106.804,29.881999999999998"
29.939,106.83200000000001,4.6,"106.83200000000001,29.939"
27.511999999999997,103.84100000000001,4.7,"103.84100000000001,27.511999999999997"
31.583000000000002,102.43299999999999,6.1,"102.43299999999999,31.583000000000002"
25.897,99.736,4.5,"99.736,25.897"
30.116999999999997,99.529,4.7,"99.529,30.116999999999997"
30.087,99.65799999999999,4.9,"99.65799999999999,30.087"
29.86,99.042,4.8,"99.042,29.86"
30.029,99.455,5.6,"99.455,30.029"
34.727,101.44200000000001,4.7,"101.44200000000001,34.727"
29.395,102.302,5.1,"102.302,29.395"
29.9,99.47200000000001,5.3,"99.47200000000001,29.9"
30.112,99.225,4.5,"99.225,30.112"
29.991999999999997,99.37,4.7,"99.37,29.991999999999997"
30.011,99.50399999999999,5.0,"99.50399999999999,30.011"
29.925,99.34700000000001,5.2,"99.34700000000001,29.925"
30.094,99.568,4.8,"99.568,30.094"
29.909000000000002,99.318,4.9,"99.318,29.909000000000002"
29.726,99.329,4.8,"99.329,29.726"
30.035,99.27,4.7,"99.27,30.035"
30.046,99.48299999999999,4.7,"99.48299999999999,30.046"
29.987,99.34899999999999,4.7,"99.34899999999999,29.987"
30.053,99.34,5.1,"99.34,30.053"
29.999000000000002,99.49,5.0,"99.49,29.999000000000002"
30.18,99.277,4.5,"99.277,30.18"
30.073,99.432,5.3,"99.432,30.073"
30.053,99.499,5.8,"99.499,30.053"
30.163,99.148,4.9,"99.148,30.163"
30.086,99.316,4.8,"99.316,30.086"
30.145,99.307,4.8,"99.307,30.145"
30.000999999999998,99.40299999999999,5.1,"99.40299999999999,30.000999999999998"
30.090999999999998,99.475,6.2,"99.475,30.090999999999998"
29.96,99.37,4.9,"99.37,29.96"
30.070999999999998,99.507,5.1,"99.507,30.070999999999998"
30.11,99.50200000000001,4.8,"99.50200000000001,30.11"
29.888,99.083,4.6,"99.083,29.888"
29.901,99.359,4.8,"99.359,29.901"
30.149,99.09200000000001,5.1,"99.09200000000001,30.149"
30.049,99.306,4.5,"99.306,30.049"
30.053,99.461,4.7,"99.461,30.053"
29.803,99.171,4.5,"99.171,29.803"
30.048000000000002,99.419,6.1,"99.419,30.048000000000002"
29.779,99.113,4.5,"99.113,29.779"
29.865,99.04899999999999,4.9,"99.04899999999999,29.865"
29.801,99.196,4.9,"99.196,29.801"
29.872,99.27,5.1,"99.27,29.872"
29.919,99.37700000000001,4.6,"99.37700000000001,29.919"
29.987,99.195,6.4,"99.195,29.987"
31.489,102.463,5.0,"102.463,31.489"
25.991,98.941,4.7,"98.941,25.991"
31.228,97.959,4.5,"97.959,31.228"
26.215999999999998,96.866,5.3,"96.866,26.215999999999998"
30.179000000000002,100.215,5.2,"100.215,30.179000000000002"
26.989,96.955,4.6,"96.955,26.989"
30.281999999999996,101.529,4.6,"101.529,30.281999999999996"
29.967,97.31299999999999,4.9,"97.31299999999999,29.967"
26.686,98.243,4.5,"98.243,26.686"
25.864,100.915,4.6,"100.915,25.864"
31.697,104.084,4.7,"104.084,31.697"
30.624000000000002,101.45299999999999,4.7,"101.45299999999999,30.624000000000002"
30.543000000000003,102.478,4.6,"102.478,30.543000000000003"
26.346,105.34200000000001,4.6,"105.34200000000001,26.346"
30.603,103.162,4.8,"103.162,30.603"
26.404,102.70100000000001,4.9,"102.70100000000001,26.404"
26.315,102.682,4.5,"102.682,26.315"
27.013,97.166,4.5,"97.166,27.013"
30.305999999999997,99.584,5.0,"99.584,30.305999999999997"
30.656,103.33,4.5,"103.33,30.656"
27.256999999999998,100.90899999999999,5.2,"100.90899999999999,27.256999999999998"
34.254,108.279,4.7,"108.279,34.254"
28.737,103.72399999999999,4.5,"103.72399999999999,28.737"
34.083,105.338,4.7,"105.338,34.083"
27.358,96.926,4.8,"96.926,27.358"
28.842,105.03299999999999,4.8,"105.03299999999999,28.842"
26.912,96.98100000000001,4.5,"96.98100000000001,26.912"
31.691999999999997,103.507,4.5,"103.507,31.691999999999997"
27.175,100.039,5.0,"100.039,27.175"
34.259,103.405,5.4,"103.405,34.259"
26.069000000000003,96.939,4.7,"96.939,26.069000000000003"
27.245,101.228,4.6,"101.228,27.245"
27.684,101.26799999999999,5.0,"101.26799999999999,27.684"
27.480999999999998,101.301,4.8,"101.301,27.480999999999998"
27.546,101.167,4.5,"101.167,27.546"
29.344,100.915,5.4,"100.915,29.344"
27.58,101.49799999999999,4.8,"101.49799999999999,27.58"
31.127,106.99700000000001,4.6,"106.99700000000001,31.127"
26.311,96.899,5.0,"96.899,26.311"
27.267,102.84,4.5,"102.84,27.267"
26.713,103.11200000000001,4.6,"103.11200000000001,26.713"
26.203000000000003,100.095,5.3,"100.095,26.203000000000003"
26.755,97.075,4.5,"97.075,26.755"
29.791999999999998,98.32799999999999,5.1,"98.32799999999999,29.791999999999998"
29.728,98.353,4.8,"98.353,29.728"
29.621,98.677,4.5,"98.677,29.621"
26.294,97.068,4.9,"97.068,26.294"
27.285,96.875,4.8,"96.875,27.285"
27.142,101.406,4.6,"101.406,27.142"
25.930999999999997,102.815,4.8,"102.815,25.930999999999997"
33.908,104.38,5.0,"104.38,33.908"
30.807,98.25399999999999,4.8,"98.25399999999999,30.807"
25.82,102.875,4.5,"102.875,25.82"
25.926,102.87100000000001,5.8,"102.87100000000001,25.926"
29.377,105.025,4.9,"105.025,29.377"
32.955999999999996,96.544,4.8,"96.544,32.955999999999996"
27.811,96.758,4.5,"96.758,27.811"
27.409000000000002,96.807,5.3,"96.807,27.409000000000002"
26.656,96.835,4.5,"96.835,26.656"
26.697,97.085,5.7,"97.085,26.697"
28.638,103.626,4.8,"103.626,28.638"
29.828000000000003,99.756,5.2,"99.756,29.828000000000003"
29.761999999999997,99.74600000000001,4.9,"99.74600000000001,29.761999999999997"
30.288,96.61399999999999,5.1,"96.61399999999999,30.288"
34.3,98.54799999999999,4.7,"98.54799999999999,34.3"
30.464000000000002,102.696,4.7,"102.696,30.464000000000002"
35.521,101.851,4.5,"101.851,35.521"
32.169000000000004,108.101,4.7,"108.101,32.169000000000004"
30.468000000000004,96.72399999999999,5.2,"96.72399999999999,30.468000000000004"
27.107,103.367,5.0,"103.367,27.107"
26.16,104.32,4.6,"104.32,26.16"
31.474,104.113,4.8,"104.113,31.474"
26.729,96.883,4.6,"96.883,26.729"
26.898000000000003,97.014,5.0,"97.014,26.898000000000003"
26.299,99.91799999999999,5.0,"99.91799999999999,26.299"
29.717,100.50299999999999,4.6,"100.50299999999999,29.717"
26.476,99.76100000000001,4.6,"99.76100000000001,26.476"
26.756,99.709,4.6,"99.709,26.756"
33.916,100.988,4.7,"100.988,33.916"
26.616,100.1,5.1,"100.1,26.616"
28.539,96.54899999999999,4.6,"96.54899999999999,28.539"
31.906999999999996,99.931,5.6,"99.931,31.906999999999996"
30.0,102.736,4.8,"102.736,30.0"
27.759,99.70200000000001,4.8,"99.70200000000001,27.759"
27.283,102.85,4.5,"102.85,27.283"
31.328000000000003,103.96799999999999,5.1,"103.96799999999999,31.328000000000003"
30.91,101.09100000000001,4.7,"101.09100000000001,30.91"
29.721,103.009,4.6,"103.009,29.721"
27.379,101.09299999999999,4.8,"101.09299999999999,27.379"
25.945,98.667,4.8,"98.667,25.945"
26.529,96.92,4.7,"96.92,26.529"
30.648000000000003,103.249,4.8,"103.249,30.648000000000003"
26.38,97.08200000000001,4.9,"97.08200000000001,26.38"
30.927,101.098,6.8,"101.098,30.927"
26.108,99.855,4.6,"99.855,26.108"
27.189,97.023,4.9,"97.023,27.189"
25.936,99.975,4.6,"99.975,25.936"
28.019000000000002,100.98200000000001,4.6,"100.98200000000001,28.019000000000002"
27.799,101.256,5.3,"101.256,27.799"
26.066,98.53200000000001,4.5,"98.53200000000001,26.066"
29.802,104.039,4.7,"104.039,29.802"
27.089000000000002,97.036,5.5,"97.036,27.089000000000002"
30.537,99.51899999999999,4.8,"99.51899999999999,30.537"
25.831999999999997,99.12700000000001,4.8,"99.12700000000001,25.831999999999997"
